/*
 Navicat Premium Data Transfer

 Source Server         : localhost
 Source Server Type    : MySQL
 Source Server Version : 80029
 Source Host           : localhost:3306
 Source Schema         : epitome

 Target Server Type    : MySQL
 Target Server Version : 80029
 File Encoding         : 65001

 Date: 24/08/2022 13:51:30
*/

SET NAMES utf8mb4;
SET FOREIGN_KEY_CHECKS = 0;

-- ----------------------------
-- Table structure for demo
-- ----------------------------
DROP TABLE IF EXISTS `demo`;
CREATE TABLE `demo`  (
  `id` int(0) NOT NULL AUTO_INCREMENT,
  `name` varchar(20) CHARACTER SET utf8mb4 COLLATE utf8mb4_general_ci NOT NULL,
  PRIMARY KEY (`id`) USING BTREE
) ENGINE = InnoDB CHARACTER SET = utf8mb4 COLLATE = utf8mb4_general_ci ROW_FORMAT = Dynamic;

-- ----------------------------
-- Records of demo
-- ----------------------------

-- ----------------------------
-- Table structure for dept
-- ----------------------------
DROP TABLE IF EXISTS `dept`;
CREATE TABLE `dept`  (
  `deptno` tinyint(0) NULL DEFAULT NULL,
  `dname` varchar(14) CHARACTER SET utf8mb4 COLLATE utf8mb4_general_ci NULL DEFAULT NULL,
  `loc` varchar(13) CHARACTER SET utf8mb4 COLLATE utf8mb4_general_ci NULL DEFAULT NULL
) ENGINE = InnoDB CHARACTER SET = utf8mb4 COLLATE = utf8mb4_general_ci ROW_FORMAT = Dynamic;

-- ----------------------------
-- Records of dept
-- ----------------------------
INSERT INTO `dept` VALUES (10, 'ACCOUNTING', 'NEW YORK');
INSERT INTO `dept` VALUES (20, 'RESEARCH', 'DALLAS');
INSERT INTO `dept` VALUES (30, 'SALES', 'CHICAGO');
INSERT INTO `dept` VALUES (40, 'OPERATIONS', 'BOSTON');

-- ----------------------------
-- Table structure for emp
-- ----------------------------
DROP TABLE IF EXISTS `emp`;
CREATE TABLE `emp`  (
  `empno` int(0) NULL DEFAULT NULL,
  `ename` varchar(10) CHARACTER SET utf8mb4 COLLATE utf8mb4_general_ci NULL DEFAULT NULL,
  `job` varchar(9) CHARACTER SET utf8mb4 COLLATE utf8mb4_general_ci NULL DEFAULT NULL,
  `mgr` int(0) NULL DEFAULT NULL,
  `hiredate` date NULL DEFAULT NULL,
  `sal` decimal(7, 2) NULL DEFAULT NULL,
  `comm` decimal(7, 2) NULL DEFAULT NULL,
  `deptno` tinyint(0) NULL DEFAULT NULL
) ENGINE = InnoDB CHARACTER SET = utf8mb4 COLLATE = utf8mb4_general_ci ROW_FORMAT = Dynamic;

-- ----------------------------
-- Records of emp
-- ----------------------------
INSERT INTO `emp` VALUES (7369, 'SMITH', 'CLERK', 7902, '1980-12-17', 800.00, NULL, 20);
INSERT INTO `emp` VALUES (7499, 'ALLEN', 'SALESMAN', 7698, '1981-02-20', 1600.00, 300.00, 30);
INSERT INTO `emp` VALUES (7521, 'WARD', 'SALESMAN', 7698, '1981-02-22', 1250.00, 500.00, 30);
INSERT INTO `emp` VALUES (7566, 'JONES', 'MANAGER', 7839, '1981-04-02', 2975.00, NULL, 20);
INSERT INTO `emp` VALUES (7654, 'MARTIN', 'SALESMAN', 7698, '1981-09-28', 1250.00, 1400.00, 30);
INSERT INTO `emp` VALUES (7698, 'BLAKE', 'MANAGER', 7839, '1981-05-01', 2850.00, NULL, 30);
INSERT INTO `emp` VALUES (7782, 'CLARK', 'MANAGER', 7839, '1981-06-09', 2450.00, NULL, 10);
INSERT INTO `emp` VALUES (7788, 'SCOTT', 'ANALYST', 7566, '1987-04-19', 3000.00, NULL, 50);
INSERT INTO `emp` VALUES (7839, 'KING', 'PRESIDENT', NULL, '1981-11-17', 5000.00, NULL, 10);
INSERT INTO `emp` VALUES (7844, 'TURNER', 'SALESMAN', 7698, '1981-09-08', 1500.00, 0.00, 30);
INSERT INTO `emp` VALUES (7876, 'ADAMS', 'CLERK', 7788, '1987-05-23', 1100.00, NULL, 20);
INSERT INTO `emp` VALUES (7900, 'JAMES', 'CLERK', 7698, '1981-12-03', 950.00, NULL, 30);
INSERT INTO `emp` VALUES (7902, 'FORD', 'ANALYST', 7566, '1981-12-03', 3000.00, NULL, 20);
INSERT INTO `emp` VALUES (7934, 'MILLER', 'CLERK', 7782, '1982-01-23', 1300.00, NULL, 10);

-- ----------------------------
-- Table structure for generator
-- ----------------------------
DROP TABLE IF EXISTS `generator`;
CREATE TABLE `generator`  (
  `id` int(0) NOT NULL AUTO_INCREMENT,
  `name` varchar(50) CHARACTER SET utf8mb4 COLLATE utf8mb4_general_ci NOT NULL DEFAULT '',
  `context` text CHARACTER SET utf8mb4 COLLATE utf8mb4_general_ci NOT NULL,
  PRIMARY KEY (`id`) USING BTREE
) ENGINE = InnoDB CHARACTER SET = utf8mb4 COLLATE = utf8mb4_general_ci ROW_FORMAT = Dynamic;

-- ----------------------------
-- Records of generator
-- ----------------------------

-- ----------------------------
-- Table structure for prize
-- ----------------------------
DROP TABLE IF EXISTS `prize`;
CREATE TABLE `prize`  (
  `id` int(0) NOT NULL COMMENT '主键',
  `drawId` int(0) NOT NULL COMMENT '抽奖活动ID',
  `pr` int(0) NOT NULL COMMENT '概率（1表示万分之一）',
  `totalQty` int(0) NOT NULL COMMENT '总数',
  `winQty` int(0) NOT NULL COMMENT '中奖数',
  PRIMARY KEY (`id`) USING BTREE
) ENGINE = InnoDB CHARACTER SET = utf8mb4 COLLATE = utf8mb4_general_ci COMMENT = '奖品表' ROW_FORMAT = Dynamic;

-- ----------------------------
-- Records of prize
-- ----------------------------
INSERT INTO `prize` VALUES (1, 1, 1, 1, 0);
INSERT INTO `prize` VALUES (2, 1, 100, 10, 0);
INSERT INTO `prize` VALUES (3, 1, 1000, 100, 0);

-- ----------------------------
-- Table structure for sales
-- ----------------------------
DROP TABLE IF EXISTS `sales`;
CREATE TABLE `sales`  (
  `year_id` int(0) NOT NULL,
  `month_id` int(0) NOT NULL,
  `day_id` int(0) NOT NULL,
  `sales_value` decimal(10, 2) NOT NULL
) ENGINE = InnoDB CHARACTER SET = utf8mb4 COLLATE = utf8mb4_general_ci ROW_FORMAT = Dynamic;

-- ----------------------------
-- Records of sales
-- ----------------------------
INSERT INTO `sales` VALUES (2013, 12, 24, 15.73);
INSERT INTO `sales` VALUES (2014, 7, 11, 19.88);
INSERT INTO `sales` VALUES (2021, 1, 19, 83.97);
INSERT INTO `sales` VALUES (2013, 1, 9, 32.14);
INSERT INTO `sales` VALUES (2018, 7, 20, 61.43);
INSERT INTO `sales` VALUES (2010, 7, 17, 8.72);
INSERT INTO `sales` VALUES (2018, 6, 6, 53.54);
INSERT INTO `sales` VALUES (2010, 8, 29, 98.11);
INSERT INTO `sales` VALUES (2021, 11, 20, 55.94);
INSERT INTO `sales` VALUES (2019, 4, 28, 81.50);
INSERT INTO `sales` VALUES (2013, 1, 11, 64.73);
INSERT INTO `sales` VALUES (2011, 9, 3, 39.36);
INSERT INTO `sales` VALUES (2017, 1, 14, 97.38);
INSERT INTO `sales` VALUES (2016, 8, 21, 51.98);
INSERT INTO `sales` VALUES (2015, 11, 4, 81.00);
INSERT INTO `sales` VALUES (2018, 12, 24, 11.51);
INSERT INTO `sales` VALUES (2011, 4, 8, 26.13);
INSERT INTO `sales` VALUES (2016, 11, 20, 72.35);
INSERT INTO `sales` VALUES (2017, 12, 3, 41.14);
INSERT INTO `sales` VALUES (2019, 9, 7, 90.11);
INSERT INTO `sales` VALUES (2020, 7, 5, 16.79);
INSERT INTO `sales` VALUES (2013, 3, 28, 1.83);
INSERT INTO `sales` VALUES (2013, 7, 23, 7.73);
INSERT INTO `sales` VALUES (2011, 6, 30, 42.06);
INSERT INTO `sales` VALUES (2011, 7, 6, 41.11);
INSERT INTO `sales` VALUES (2014, 11, 30, 34.94);
INSERT INTO `sales` VALUES (2019, 11, 4, 96.32);
INSERT INTO `sales` VALUES (2014, 1, 4, 47.01);
INSERT INTO `sales` VALUES (2021, 4, 15, 63.21);
INSERT INTO `sales` VALUES (2018, 7, 23, 12.29);
INSERT INTO `sales` VALUES (2013, 1, 16, 35.61);
INSERT INTO `sales` VALUES (2012, 12, 3, 58.66);
INSERT INTO `sales` VALUES (2017, 7, 27, 76.31);
INSERT INTO `sales` VALUES (2010, 2, 12, 62.67);
INSERT INTO `sales` VALUES (2020, 8, 8, 56.45);
INSERT INTO `sales` VALUES (2021, 4, 13, 25.09);
INSERT INTO `sales` VALUES (2021, 2, 19, 73.60);
INSERT INTO `sales` VALUES (2019, 11, 2, 54.42);
INSERT INTO `sales` VALUES (2016, 1, 22, 43.92);
INSERT INTO `sales` VALUES (2021, 7, 29, 97.59);
INSERT INTO `sales` VALUES (2010, 3, 2, 57.61);
INSERT INTO `sales` VALUES (2018, 9, 20, 96.46);
INSERT INTO `sales` VALUES (2020, 6, 25, 60.48);
INSERT INTO `sales` VALUES (2016, 12, 4, 71.59);
INSERT INTO `sales` VALUES (2012, 11, 22, 96.98);
INSERT INTO `sales` VALUES (2018, 7, 16, 6.15);
INSERT INTO `sales` VALUES (2018, 5, 25, 95.90);
INSERT INTO `sales` VALUES (2013, 7, 24, 34.07);
INSERT INTO `sales` VALUES (2013, 8, 3, 57.33);
INSERT INTO `sales` VALUES (2017, 3, 13, 45.64);
INSERT INTO `sales` VALUES (2021, 5, 28, 49.75);
INSERT INTO `sales` VALUES (2018, 3, 22, 6.54);
INSERT INTO `sales` VALUES (2011, 6, 23, 53.01);
INSERT INTO `sales` VALUES (2013, 2, 13, 91.64);
INSERT INTO `sales` VALUES (2012, 6, 20, 77.92);
INSERT INTO `sales` VALUES (2021, 5, 4, 45.29);
INSERT INTO `sales` VALUES (2020, 12, 3, 62.75);
INSERT INTO `sales` VALUES (2020, 5, 13, 93.52);
INSERT INTO `sales` VALUES (2014, 1, 3, 36.66);
INSERT INTO `sales` VALUES (2016, 6, 23, 40.74);
INSERT INTO `sales` VALUES (2018, 6, 6, 43.01);
INSERT INTO `sales` VALUES (2017, 9, 25, 92.77);
INSERT INTO `sales` VALUES (2011, 12, 10, 77.91);
INSERT INTO `sales` VALUES (2020, 1, 23, 50.36);
INSERT INTO `sales` VALUES (2012, 9, 25, 2.62);
INSERT INTO `sales` VALUES (2017, 12, 27, 59.90);
INSERT INTO `sales` VALUES (2013, 10, 1, 75.12);
INSERT INTO `sales` VALUES (2017, 12, 27, 52.59);
INSERT INTO `sales` VALUES (2021, 3, 3, 93.42);
INSERT INTO `sales` VALUES (2013, 11, 11, 22.19);
INSERT INTO `sales` VALUES (2021, 3, 3, 85.15);
INSERT INTO `sales` VALUES (2021, 3, 7, 49.08);
INSERT INTO `sales` VALUES (2018, 3, 27, 78.93);
INSERT INTO `sales` VALUES (2012, 11, 18, 38.05);
INSERT INTO `sales` VALUES (2010, 4, 5, 97.89);
INSERT INTO `sales` VALUES (2014, 11, 13, 33.42);
INSERT INTO `sales` VALUES (2014, 2, 7, 75.59);
INSERT INTO `sales` VALUES (2011, 5, 17, 61.45);
INSERT INTO `sales` VALUES (2014, 1, 1, 96.02);
INSERT INTO `sales` VALUES (2018, 11, 4, 96.65);
INSERT INTO `sales` VALUES (2015, 5, 14, 14.21);
INSERT INTO `sales` VALUES (2014, 4, 17, 85.67);
INSERT INTO `sales` VALUES (2016, 3, 15, 73.54);
INSERT INTO `sales` VALUES (2012, 9, 3, 25.55);
INSERT INTO `sales` VALUES (2021, 2, 24, 46.87);
INSERT INTO `sales` VALUES (2021, 6, 11, 47.53);
INSERT INTO `sales` VALUES (2012, 10, 5, 45.17);
INSERT INTO `sales` VALUES (2019, 6, 2, 84.09);
INSERT INTO `sales` VALUES (2010, 8, 1, 23.80);
INSERT INTO `sales` VALUES (2011, 10, 20, 93.37);
INSERT INTO `sales` VALUES (2017, 6, 11, 38.27);
INSERT INTO `sales` VALUES (2019, 12, 12, 2.58);
INSERT INTO `sales` VALUES (2021, 8, 7, 24.43);
INSERT INTO `sales` VALUES (2016, 1, 20, 12.46);
INSERT INTO `sales` VALUES (2017, 8, 7, 35.46);
INSERT INTO `sales` VALUES (2010, 2, 21, 95.29);
INSERT INTO `sales` VALUES (2017, 6, 12, 52.79);
INSERT INTO `sales` VALUES (2015, 7, 19, 29.61);
INSERT INTO `sales` VALUES (2017, 4, 12, 19.25);
INSERT INTO `sales` VALUES (2019, 3, 25, 45.52);
INSERT INTO `sales` VALUES (2019, 7, 10, 95.82);
INSERT INTO `sales` VALUES (2019, 4, 1, 17.43);
INSERT INTO `sales` VALUES (2019, 6, 24, 58.93);
INSERT INTO `sales` VALUES (2017, 3, 6, 40.61);
INSERT INTO `sales` VALUES (2014, 10, 27, 97.59);
INSERT INTO `sales` VALUES (2012, 12, 14, 25.62);
INSERT INTO `sales` VALUES (2020, 9, 27, 22.59);
INSERT INTO `sales` VALUES (2015, 9, 9, 14.23);
INSERT INTO `sales` VALUES (2020, 11, 21, 91.64);
INSERT INTO `sales` VALUES (2015, 8, 18, 19.03);
INSERT INTO `sales` VALUES (2011, 1, 28, 44.75);
INSERT INTO `sales` VALUES (2015, 10, 24, 48.59);
INSERT INTO `sales` VALUES (2010, 9, 19, 80.82);
INSERT INTO `sales` VALUES (2012, 6, 29, 24.90);
INSERT INTO `sales` VALUES (2014, 1, 10, 33.48);
INSERT INTO `sales` VALUES (2018, 6, 9, 8.05);
INSERT INTO `sales` VALUES (2015, 1, 1, 87.87);
INSERT INTO `sales` VALUES (2013, 10, 5, 29.47);
INSERT INTO `sales` VALUES (2010, 4, 7, 31.58);
INSERT INTO `sales` VALUES (2020, 7, 27, 85.14);
INSERT INTO `sales` VALUES (2017, 6, 13, 83.95);
INSERT INTO `sales` VALUES (2020, 10, 11, 38.21);
INSERT INTO `sales` VALUES (2019, 1, 22, 47.25);
INSERT INTO `sales` VALUES (2011, 5, 17, 52.42);
INSERT INTO `sales` VALUES (2021, 2, 27, 94.40);
INSERT INTO `sales` VALUES (2010, 7, 14, 71.50);
INSERT INTO `sales` VALUES (2011, 8, 18, 17.78);
INSERT INTO `sales` VALUES (2010, 9, 17, 48.81);
INSERT INTO `sales` VALUES (2019, 6, 29, 41.24);
INSERT INTO `sales` VALUES (2011, 7, 6, 31.30);
INSERT INTO `sales` VALUES (2021, 1, 10, 36.46);
INSERT INTO `sales` VALUES (2020, 3, 17, 12.26);
INSERT INTO `sales` VALUES (2020, 2, 26, 90.62);
INSERT INTO `sales` VALUES (2021, 2, 22, 28.89);
INSERT INTO `sales` VALUES (2012, 3, 11, 11.15);
INSERT INTO `sales` VALUES (2016, 3, 18, 23.06);
INSERT INTO `sales` VALUES (2014, 3, 1, 45.60);
INSERT INTO `sales` VALUES (2011, 5, 14, 14.97);
INSERT INTO `sales` VALUES (2014, 4, 10, 80.99);
INSERT INTO `sales` VALUES (2010, 10, 27, 6.43);
INSERT INTO `sales` VALUES (2017, 10, 8, 85.41);
INSERT INTO `sales` VALUES (2015, 10, 15, 16.53);
INSERT INTO `sales` VALUES (2013, 12, 29, 90.38);
INSERT INTO `sales` VALUES (2017, 4, 24, 1.52);
INSERT INTO `sales` VALUES (2017, 3, 7, 42.41);
INSERT INTO `sales` VALUES (2014, 10, 18, 62.22);
INSERT INTO `sales` VALUES (2014, 11, 6, 45.28);
INSERT INTO `sales` VALUES (2017, 11, 12, 31.88);
INSERT INTO `sales` VALUES (2014, 2, 15, 6.19);
INSERT INTO `sales` VALUES (2019, 8, 29, 80.62);
INSERT INTO `sales` VALUES (2011, 4, 6, 90.56);
INSERT INTO `sales` VALUES (2021, 2, 25, 73.53);
INSERT INTO `sales` VALUES (2011, 6, 28, 25.37);
INSERT INTO `sales` VALUES (2015, 6, 2, 85.55);
INSERT INTO `sales` VALUES (2010, 10, 22, 28.11);
INSERT INTO `sales` VALUES (2012, 2, 29, 53.04);
INSERT INTO `sales` VALUES (2018, 12, 21, 54.42);
INSERT INTO `sales` VALUES (2017, 7, 22, 10.75);
INSERT INTO `sales` VALUES (2013, 2, 28, 17.84);
INSERT INTO `sales` VALUES (2010, 10, 19, 88.71);
INSERT INTO `sales` VALUES (2015, 11, 23, 22.91);
INSERT INTO `sales` VALUES (2020, 7, 5, 12.21);
INSERT INTO `sales` VALUES (2011, 5, 11, 74.25);
INSERT INTO `sales` VALUES (2017, 9, 27, 18.44);
INSERT INTO `sales` VALUES (2013, 10, 6, 50.86);
INSERT INTO `sales` VALUES (2021, 5, 24, 91.94);
INSERT INTO `sales` VALUES (2012, 3, 20, 55.01);
INSERT INTO `sales` VALUES (2018, 1, 29, 60.97);
INSERT INTO `sales` VALUES (2012, 3, 9, 96.18);
INSERT INTO `sales` VALUES (2020, 6, 27, 92.44);
INSERT INTO `sales` VALUES (2021, 11, 20, 55.68);
INSERT INTO `sales` VALUES (2019, 6, 24, 52.68);
INSERT INTO `sales` VALUES (2013, 10, 9, 98.19);
INSERT INTO `sales` VALUES (2021, 1, 11, 52.74);
INSERT INTO `sales` VALUES (2016, 3, 15, 75.31);
INSERT INTO `sales` VALUES (2013, 1, 13, 1.73);
INSERT INTO `sales` VALUES (2019, 10, 23, 32.35);
INSERT INTO `sales` VALUES (2013, 9, 12, 94.77);
INSERT INTO `sales` VALUES (2016, 10, 10, 25.40);
INSERT INTO `sales` VALUES (2013, 9, 17, 75.70);
INSERT INTO `sales` VALUES (2010, 1, 5, 49.12);
INSERT INTO `sales` VALUES (2010, 7, 26, 56.25);
INSERT INTO `sales` VALUES (2012, 5, 4, 57.05);
INSERT INTO `sales` VALUES (2015, 7, 14, 52.70);
INSERT INTO `sales` VALUES (2013, 10, 9, 93.62);
INSERT INTO `sales` VALUES (2019, 3, 21, 84.68);
INSERT INTO `sales` VALUES (2011, 12, 11, 1.63);
INSERT INTO `sales` VALUES (2021, 10, 6, 40.78);
INSERT INTO `sales` VALUES (2015, 3, 22, 95.27);
INSERT INTO `sales` VALUES (2016, 10, 9, 16.03);
INSERT INTO `sales` VALUES (2020, 12, 30, 20.03);
INSERT INTO `sales` VALUES (2021, 4, 19, 11.90);
INSERT INTO `sales` VALUES (2018, 4, 12, 1.20);
INSERT INTO `sales` VALUES (2020, 3, 15, 88.62);
INSERT INTO `sales` VALUES (2020, 10, 11, 38.49);
INSERT INTO `sales` VALUES (2019, 11, 3, 65.62);
INSERT INTO `sales` VALUES (2010, 3, 30, 30.99);
INSERT INTO `sales` VALUES (2016, 9, 5, 53.17);
INSERT INTO `sales` VALUES (2011, 3, 14, 68.00);
INSERT INTO `sales` VALUES (2010, 2, 18, 56.12);
INSERT INTO `sales` VALUES (2021, 4, 10, 80.38);
INSERT INTO `sales` VALUES (2010, 10, 1, 64.47);
INSERT INTO `sales` VALUES (2011, 8, 19, 41.74);
INSERT INTO `sales` VALUES (2011, 6, 29, 34.19);
INSERT INTO `sales` VALUES (2019, 1, 24, 85.86);
INSERT INTO `sales` VALUES (2020, 9, 3, 19.90);
INSERT INTO `sales` VALUES (2018, 1, 2, 9.94);
INSERT INTO `sales` VALUES (2013, 4, 21, 39.37);
INSERT INTO `sales` VALUES (2020, 5, 3, 40.07);
INSERT INTO `sales` VALUES (2018, 3, 27, 94.89);
INSERT INTO `sales` VALUES (2010, 3, 1, 40.33);
INSERT INTO `sales` VALUES (2021, 8, 11, 86.28);
INSERT INTO `sales` VALUES (2012, 5, 4, 66.82);
INSERT INTO `sales` VALUES (2020, 7, 26, 71.28);
INSERT INTO `sales` VALUES (2021, 10, 1, 77.15);
INSERT INTO `sales` VALUES (2018, 4, 14, 27.65);
INSERT INTO `sales` VALUES (2021, 2, 26, 76.58);
INSERT INTO `sales` VALUES (2012, 11, 20, 67.59);
INSERT INTO `sales` VALUES (2014, 11, 5, 21.69);
INSERT INTO `sales` VALUES (2016, 4, 17, 3.93);
INSERT INTO `sales` VALUES (2015, 3, 25, 33.10);
INSERT INTO `sales` VALUES (2012, 12, 4, 75.73);
INSERT INTO `sales` VALUES (2015, 11, 30, 35.11);
INSERT INTO `sales` VALUES (2019, 11, 1, 50.08);
INSERT INTO `sales` VALUES (2014, 6, 8, 73.77);
INSERT INTO `sales` VALUES (2021, 6, 21, 87.04);
INSERT INTO `sales` VALUES (2013, 11, 18, 18.25);
INSERT INTO `sales` VALUES (2011, 4, 26, 48.58);
INSERT INTO `sales` VALUES (2019, 8, 26, 24.29);
INSERT INTO `sales` VALUES (2017, 6, 18, 37.80);
INSERT INTO `sales` VALUES (2011, 7, 6, 38.01);
INSERT INTO `sales` VALUES (2013, 6, 10, 17.50);
INSERT INTO `sales` VALUES (2021, 2, 24, 63.52);
INSERT INTO `sales` VALUES (2019, 11, 5, 9.61);
INSERT INTO `sales` VALUES (2021, 9, 19, 90.14);
INSERT INTO `sales` VALUES (2017, 6, 14, 80.39);
INSERT INTO `sales` VALUES (2017, 11, 18, 12.34);
INSERT INTO `sales` VALUES (2020, 12, 10, 60.12);
INSERT INTO `sales` VALUES (2010, 6, 30, 63.21);
INSERT INTO `sales` VALUES (2012, 1, 23, 50.81);
INSERT INTO `sales` VALUES (2013, 12, 26, 47.01);
INSERT INTO `sales` VALUES (2018, 3, 2, 49.30);
INSERT INTO `sales` VALUES (2013, 12, 3, 43.50);
INSERT INTO `sales` VALUES (2020, 3, 8, 66.85);
INSERT INTO `sales` VALUES (2016, 11, 19, 46.93);
INSERT INTO `sales` VALUES (2015, 12, 13, 20.71);
INSERT INTO `sales` VALUES (2018, 1, 4, 42.09);
INSERT INTO `sales` VALUES (2018, 3, 5, 1.30);
INSERT INTO `sales` VALUES (2016, 10, 14, 77.52);
INSERT INTO `sales` VALUES (2015, 1, 27, 24.34);
INSERT INTO `sales` VALUES (2016, 11, 29, 9.05);
INSERT INTO `sales` VALUES (2016, 5, 12, 72.52);
INSERT INTO `sales` VALUES (2015, 1, 30, 80.62);
INSERT INTO `sales` VALUES (2021, 7, 24, 20.76);
INSERT INTO `sales` VALUES (2018, 11, 5, 28.68);
INSERT INTO `sales` VALUES (2020, 8, 18, 94.76);
INSERT INTO `sales` VALUES (2021, 12, 24, 19.36);
INSERT INTO `sales` VALUES (2016, 2, 3, 3.92);
INSERT INTO `sales` VALUES (2020, 4, 25, 17.34);
INSERT INTO `sales` VALUES (2014, 7, 14, 70.20);
INSERT INTO `sales` VALUES (2010, 5, 13, 12.79);
INSERT INTO `sales` VALUES (2013, 3, 7, 41.95);
INSERT INTO `sales` VALUES (2014, 8, 6, 91.54);
INSERT INTO `sales` VALUES (2021, 3, 7, 40.88);
INSERT INTO `sales` VALUES (2013, 6, 5, 45.92);
INSERT INTO `sales` VALUES (2019, 9, 6, 81.34);
INSERT INTO `sales` VALUES (2015, 9, 8, 20.95);
INSERT INTO `sales` VALUES (2012, 6, 16, 36.67);
INSERT INTO `sales` VALUES (2012, 12, 30, 22.32);
INSERT INTO `sales` VALUES (2011, 10, 22, 25.24);
INSERT INTO `sales` VALUES (2010, 6, 1, 88.29);
INSERT INTO `sales` VALUES (2013, 10, 1, 80.58);
INSERT INTO `sales` VALUES (2020, 3, 5, 26.89);
INSERT INTO `sales` VALUES (2019, 4, 2, 36.65);
INSERT INTO `sales` VALUES (2017, 1, 16, 32.49);
INSERT INTO `sales` VALUES (2010, 4, 6, 15.21);
INSERT INTO `sales` VALUES (2011, 5, 8, 26.91);
INSERT INTO `sales` VALUES (2016, 10, 18, 37.71);
INSERT INTO `sales` VALUES (2011, 7, 10, 96.69);
INSERT INTO `sales` VALUES (2020, 4, 3, 48.72);
INSERT INTO `sales` VALUES (2011, 3, 17, 18.37);
INSERT INTO `sales` VALUES (2012, 8, 18, 96.68);
INSERT INTO `sales` VALUES (2010, 3, 6, 13.63);
INSERT INTO `sales` VALUES (2011, 2, 14, 85.82);
INSERT INTO `sales` VALUES (2020, 9, 29, 70.81);
INSERT INTO `sales` VALUES (2017, 12, 28, 75.55);
INSERT INTO `sales` VALUES (2021, 8, 7, 17.73);
INSERT INTO `sales` VALUES (2012, 7, 5, 2.45);
INSERT INTO `sales` VALUES (2018, 4, 14, 43.77);
INSERT INTO `sales` VALUES (2019, 6, 7, 56.59);
INSERT INTO `sales` VALUES (2011, 2, 3, 5.84);
INSERT INTO `sales` VALUES (2010, 12, 21, 59.09);
INSERT INTO `sales` VALUES (2020, 7, 30, 36.83);
INSERT INTO `sales` VALUES (2020, 4, 22, 86.71);
INSERT INTO `sales` VALUES (2011, 11, 4, 97.77);
INSERT INTO `sales` VALUES (2015, 6, 30, 51.47);
INSERT INTO `sales` VALUES (2016, 3, 15, 74.43);
INSERT INTO `sales` VALUES (2012, 12, 29, 100.84);
INSERT INTO `sales` VALUES (2011, 8, 24, 99.88);
INSERT INTO `sales` VALUES (2017, 2, 22, 31.17);
INSERT INTO `sales` VALUES (2013, 9, 15, 42.18);
INSERT INTO `sales` VALUES (2016, 8, 10, 84.69);
INSERT INTO `sales` VALUES (2012, 6, 19, 71.50);
INSERT INTO `sales` VALUES (2018, 6, 10, 6.47);
INSERT INTO `sales` VALUES (2014, 8, 27, 68.05);
INSERT INTO `sales` VALUES (2018, 6, 6, 56.99);
INSERT INTO `sales` VALUES (2012, 7, 3, 74.81);
INSERT INTO `sales` VALUES (2015, 12, 10, 83.88);
INSERT INTO `sales` VALUES (2012, 6, 24, 49.96);
INSERT INTO `sales` VALUES (2011, 1, 30, 81.60);
INSERT INTO `sales` VALUES (2010, 9, 19, 83.12);
INSERT INTO `sales` VALUES (2013, 12, 26, 39.59);
INSERT INTO `sales` VALUES (2014, 11, 10, 85.91);
INSERT INTO `sales` VALUES (2013, 12, 23, 99.66);
INSERT INTO `sales` VALUES (2018, 5, 30, 65.65);
INSERT INTO `sales` VALUES (2013, 9, 19, 87.24);
INSERT INTO `sales` VALUES (2015, 11, 1, 44.76);
INSERT INTO `sales` VALUES (2011, 3, 17, 27.21);
INSERT INTO `sales` VALUES (2017, 6, 12, 45.97);
INSERT INTO `sales` VALUES (2011, 5, 14, 6.07);
INSERT INTO `sales` VALUES (2021, 8, 5, 97.24);
INSERT INTO `sales` VALUES (2014, 11, 10, 1.46);
INSERT INTO `sales` VALUES (2010, 3, 26, 63.59);
INSERT INTO `sales` VALUES (2017, 2, 29, 34.63);
INSERT INTO `sales` VALUES (2019, 12, 16, 68.26);
INSERT INTO `sales` VALUES (2019, 12, 8, 49.95);
INSERT INTO `sales` VALUES (2018, 12, 27, 44.68);
INSERT INTO `sales` VALUES (2016, 5, 8, 19.37);
INSERT INTO `sales` VALUES (2011, 2, 7, 66.40);
INSERT INTO `sales` VALUES (2017, 5, 21, 47.12);
INSERT INTO `sales` VALUES (2012, 10, 3, 22.67);
INSERT INTO `sales` VALUES (2019, 4, 6, 1.09);
INSERT INTO `sales` VALUES (2015, 3, 21, 76.12);
INSERT INTO `sales` VALUES (2018, 6, 7, 60.00);
INSERT INTO `sales` VALUES (2013, 10, 30, 54.81);
INSERT INTO `sales` VALUES (2019, 3, 21, 79.48);
INSERT INTO `sales` VALUES (2020, 3, 8, 61.78);
INSERT INTO `sales` VALUES (2013, 10, 3, 91.85);
INSERT INTO `sales` VALUES (2014, 12, 27, 41.85);
INSERT INTO `sales` VALUES (2015, 12, 15, 56.31);
INSERT INTO `sales` VALUES (2013, 11, 14, 66.01);
INSERT INTO `sales` VALUES (2020, 6, 22, 20.21);
INSERT INTO `sales` VALUES (2019, 5, 15, 25.00);
INSERT INTO `sales` VALUES (2019, 4, 28, 79.60);
INSERT INTO `sales` VALUES (2012, 8, 12, 16.62);
INSERT INTO `sales` VALUES (2017, 8, 12, 92.29);
INSERT INTO `sales` VALUES (2015, 7, 7, 50.83);
INSERT INTO `sales` VALUES (2020, 11, 22, 98.20);
INSERT INTO `sales` VALUES (2018, 9, 7, 6.99);
INSERT INTO `sales` VALUES (2017, 1, 13, 82.98);
INSERT INTO `sales` VALUES (2020, 12, 2, 37.58);
INSERT INTO `sales` VALUES (2018, 7, 17, 8.04);
INSERT INTO `sales` VALUES (2018, 6, 30, 55.42);
INSERT INTO `sales` VALUES (2019, 6, 27, 97.52);
INSERT INTO `sales` VALUES (2012, 2, 3, 99.90);
INSERT INTO `sales` VALUES (2018, 7, 16, 6.81);
INSERT INTO `sales` VALUES (2018, 5, 24, 83.97);
INSERT INTO `sales` VALUES (2019, 4, 5, 90.05);
INSERT INTO `sales` VALUES (2010, 5, 27, 24.47);
INSERT INTO `sales` VALUES (2016, 1, 15, 39.75);
INSERT INTO `sales` VALUES (2015, 2, 8, 92.77);
INSERT INTO `sales` VALUES (2019, 4, 2, 42.20);
INSERT INTO `sales` VALUES (2020, 2, 3, 99.95);
INSERT INTO `sales` VALUES (2018, 7, 16, 6.23);
INSERT INTO `sales` VALUES (2018, 4, 10, 81.14);
INSERT INTO `sales` VALUES (2010, 9, 18, 67.38);
INSERT INTO `sales` VALUES (2017, 1, 12, 80.33);
INSERT INTO `sales` VALUES (2019, 9, 3, 34.52);
INSERT INTO `sales` VALUES (2014, 12, 23, 73.92);
INSERT INTO `sales` VALUES (2015, 12, 18, 98.13);
INSERT INTO `sales` VALUES (2011, 9, 1, 11.15);
INSERT INTO `sales` VALUES (2015, 11, 29, 15.29);
INSERT INTO `sales` VALUES (2020, 2, 25, 83.09);
INSERT INTO `sales` VALUES (2017, 8, 5, 100.49);
INSERT INTO `sales` VALUES (2015, 7, 2, 76.77);
INSERT INTO `sales` VALUES (2017, 10, 5, 32.15);
INSERT INTO `sales` VALUES (2011, 10, 11, 49.36);
INSERT INTO `sales` VALUES (2014, 6, 30, 67.88);
INSERT INTO `sales` VALUES (2014, 11, 12, 26.01);
INSERT INTO `sales` VALUES (2010, 7, 21, 64.00);
INSERT INTO `sales` VALUES (2011, 10, 20, 84.85);
INSERT INTO `sales` VALUES (2012, 8, 9, 59.15);
INSERT INTO `sales` VALUES (2011, 10, 18, 57.71);
INSERT INTO `sales` VALUES (2011, 10, 17, 44.75);
INSERT INTO `sales` VALUES (2016, 6, 15, 13.52);
INSERT INTO `sales` VALUES (2012, 7, 8, 51.59);
INSERT INTO `sales` VALUES (2019, 7, 13, 42.09);
INSERT INTO `sales` VALUES (2019, 8, 23, 98.36);
INSERT INTO `sales` VALUES (2016, 12, 4, 68.96);
INSERT INTO `sales` VALUES (2010, 3, 23, 26.06);
INSERT INTO `sales` VALUES (2021, 2, 27, 91.71);
INSERT INTO `sales` VALUES (2020, 9, 1, 86.86);
INSERT INTO `sales` VALUES (2012, 9, 19, 5.59);
INSERT INTO `sales` VALUES (2014, 10, 28, 20.51);
INSERT INTO `sales` VALUES (2012, 4, 1, 22.13);
INSERT INTO `sales` VALUES (2021, 3, 2, 71.31);
INSERT INTO `sales` VALUES (2014, 8, 7, 6.80);
INSERT INTO `sales` VALUES (2018, 3, 5, 98.15);
INSERT INTO `sales` VALUES (2015, 4, 10, 56.10);
INSERT INTO `sales` VALUES (2019, 6, 29, 33.30);
INSERT INTO `sales` VALUES (2018, 9, 15, 18.17);
INSERT INTO `sales` VALUES (2015, 8, 22, 76.65);
INSERT INTO `sales` VALUES (2017, 1, 4, 60.77);
INSERT INTO `sales` VALUES (2017, 2, 2, 76.79);
INSERT INTO `sales` VALUES (2017, 11, 20, 57.83);
INSERT INTO `sales` VALUES (2020, 7, 8, 54.81);
INSERT INTO `sales` VALUES (2021, 3, 1, 55.77);
INSERT INTO `sales` VALUES (2018, 10, 29, 29.12);
INSERT INTO `sales` VALUES (2017, 2, 28, 12.07);
INSERT INTO `sales` VALUES (2020, 11, 23, 22.09);
INSERT INTO `sales` VALUES (2019, 4, 9, 40.35);
INSERT INTO `sales` VALUES (2011, 6, 3, 90.41);
INSERT INTO `sales` VALUES (2012, 7, 27, 83.27);
INSERT INTO `sales` VALUES (2015, 12, 10, 78.81);
INSERT INTO `sales` VALUES (2020, 3, 5, 26.47);
INSERT INTO `sales` VALUES (2019, 4, 2, 36.90);
INSERT INTO `sales` VALUES (2017, 2, 24, 54.43);
INSERT INTO `sales` VALUES (2013, 11, 11, 20.35);
INSERT INTO `sales` VALUES (2021, 2, 21, 10.41);
INSERT INTO `sales` VALUES (2015, 12, 9, 61.59);
INSERT INTO `sales` VALUES (2012, 3, 18, 23.94);
INSERT INTO `sales` VALUES (2014, 2, 19, 61.15);
INSERT INTO `sales` VALUES (2012, 2, 8, 75.52);
INSERT INTO `sales` VALUES (2021, 8, 12, 89.11);
INSERT INTO `sales` VALUES (2013, 10, 2, 87.38);
INSERT INTO `sales` VALUES (2012, 5, 13, 93.50);
INSERT INTO `sales` VALUES (2014, 12, 19, 33.15);
INSERT INTO `sales` VALUES (2018, 10, 16, 36.92);
INSERT INTO `sales` VALUES (2012, 1, 21, 17.15);
INSERT INTO `sales` VALUES (2019, 5, 22, 31.86);
INSERT INTO `sales` VALUES (2015, 3, 20, 77.90);
INSERT INTO `sales` VALUES (2020, 12, 4, 81.14);
INSERT INTO `sales` VALUES (2017, 10, 7, 60.62);
INSERT INTO `sales` VALUES (2013, 11, 7, 59.15);
INSERT INTO `sales` VALUES (2012, 6, 23, 19.51);
INSERT INTO `sales` VALUES (2018, 1, 4, 41.75);
INSERT INTO `sales` VALUES (2018, 3, 3, 79.31);
INSERT INTO `sales` VALUES (2017, 10, 30, 63.68);
INSERT INTO `sales` VALUES (2012, 12, 9, 58.33);
INSERT INTO `sales` VALUES (2021, 4, 10, 88.11);
INSERT INTO `sales` VALUES (2014, 3, 24, 36.93);
INSERT INTO `sales` VALUES (2015, 4, 4, 70.95);
INSERT INTO `sales` VALUES (2011, 6, 2, 84.39);
INSERT INTO `sales` VALUES (2010, 7, 18, 38.81);
INSERT INTO `sales` VALUES (2011, 7, 5, 18.35);
INSERT INTO `sales` VALUES (2015, 10, 14, 89.92);
INSERT INTO `sales` VALUES (2011, 1, 25, 97.19);
INSERT INTO `sales` VALUES (2014, 10, 3, 92.99);
INSERT INTO `sales` VALUES (2014, 2, 12, 64.15);
INSERT INTO `sales` VALUES (2021, 2, 15, 12.32);
INSERT INTO `sales` VALUES (2011, 4, 4, 68.98);
INSERT INTO `sales` VALUES (2010, 3, 29, 2.86);
INSERT INTO `sales` VALUES (2013, 5, 4, 34.19);
INSERT INTO `sales` VALUES (2014, 10, 22, 35.73);
INSERT INTO `sales` VALUES (2016, 10, 10, 24.67);
INSERT INTO `sales` VALUES (2012, 3, 17, 7.72);
INSERT INTO `sales` VALUES (2018, 4, 11, 88.71);
INSERT INTO `sales` VALUES (2014, 1, 10, 41.28);
INSERT INTO `sales` VALUES (2010, 1, 2, 13.21);
INSERT INTO `sales` VALUES (2015, 12, 13, 26.47);
INSERT INTO `sales` VALUES (2021, 2, 24, 50.12);
INSERT INTO `sales` VALUES (2011, 1, 24, 88.29);
INSERT INTO `sales` VALUES (2010, 6, 6, 64.11);
INSERT INTO `sales` VALUES (2016, 12, 5, 80.17);
INSERT INTO `sales` VALUES (2016, 4, 26, 45.36);
INSERT INTO `sales` VALUES (2017, 10, 3, 6.26);
INSERT INTO `sales` VALUES (2010, 11, 11, 13.48);
INSERT INTO `sales` VALUES (2016, 7, 25, 55.28);
INSERT INTO `sales` VALUES (2013, 9, 26, 10.31);
INSERT INTO `sales` VALUES (2020, 2, 3, 97.77);
INSERT INTO `sales` VALUES (2017, 1, 16, 40.12);
INSERT INTO `sales` VALUES (2015, 11, 10, 81.97);
INSERT INTO `sales` VALUES (2011, 3, 16, 7.78);
INSERT INTO `sales` VALUES (2019, 9, 5, 70.00);
INSERT INTO `sales` VALUES (2021, 10, 4, 21.53);
INSERT INTO `sales` VALUES (2017, 8, 3, 54.82);
INSERT INTO `sales` VALUES (2015, 10, 21, 99.34);
INSERT INTO `sales` VALUES (2019, 3, 14, 73.32);
INSERT INTO `sales` VALUES (2012, 1, 16, 42.54);
INSERT INTO `sales` VALUES (2016, 6, 20, 91.40);
INSERT INTO `sales` VALUES (2016, 1, 23, 45.66);
INSERT INTO `sales` VALUES (2010, 9, 20, 98.53);
INSERT INTO `sales` VALUES (2021, 11, 19, 38.86);
INSERT INTO `sales` VALUES (2010, 1, 7, 88.41);
INSERT INTO `sales` VALUES (2018, 1, 26, 17.73);
INSERT INTO `sales` VALUES (2013, 2, 25, 60.41);
INSERT INTO `sales` VALUES (2016, 10, 17, 26.43);
INSERT INTO `sales` VALUES (2017, 6, 9, 11.61);
INSERT INTO `sales` VALUES (2018, 1, 6, 80.71);
INSERT INTO `sales` VALUES (2015, 10, 20, 82.25);
INSERT INTO `sales` VALUES (2011, 5, 7, 14.18);
INSERT INTO `sales` VALUES (2021, 6, 11, 41.38);
INSERT INTO `sales` VALUES (2021, 8, 4, 84.82);
INSERT INTO `sales` VALUES (2019, 6, 2, 82.69);
INSERT INTO `sales` VALUES (2020, 2, 22, 33.93);
INSERT INTO `sales` VALUES (2015, 6, 26, 80.46);
INSERT INTO `sales` VALUES (2015, 12, 11, 90.29);
INSERT INTO `sales` VALUES (2015, 6, 25, 91.17);
INSERT INTO `sales` VALUES (2010, 5, 25, 97.71);
INSERT INTO `sales` VALUES (2014, 1, 29, 68.90);
INSERT INTO `sales` VALUES (2016, 9, 29, 58.40);
INSERT INTO `sales` VALUES (2010, 6, 2, 92.33);
INSERT INTO `sales` VALUES (2015, 7, 9, 80.34);
INSERT INTO `sales` VALUES (2011, 4, 7, 16.98);
INSERT INTO `sales` VALUES (2011, 1, 29, 57.29);
INSERT INTO `sales` VALUES (2021, 3, 5, 16.86);
INSERT INTO `sales` VALUES (2013, 1, 6, 83.83);
INSERT INTO `sales` VALUES (2017, 8, 7, 26.55);
INSERT INTO `sales` VALUES (2017, 4, 21, 56.73);
INSERT INTO `sales` VALUES (2018, 10, 30, 48.27);
INSERT INTO `sales` VALUES (2014, 8, 30, 100.54);
INSERT INTO `sales` VALUES (2010, 2, 15, 17.06);
INSERT INTO `sales` VALUES (2013, 1, 10, 48.55);
INSERT INTO `sales` VALUES (2014, 8, 24, 11.60);
INSERT INTO `sales` VALUES (2012, 8, 17, 86.55);
INSERT INTO `sales` VALUES (2017, 8, 12, 86.83);
INSERT INTO `sales` VALUES (2012, 5, 8, 12.02);
INSERT INTO `sales` VALUES (2020, 11, 24, 31.10);
INSERT INTO `sales` VALUES (2012, 1, 15, 34.33);
INSERT INTO `sales` VALUES (2013, 4, 24, 97.01);
INSERT INTO `sales` VALUES (2015, 6, 22, 34.67);
INSERT INTO `sales` VALUES (2016, 8, 16, 74.96);
INSERT INTO `sales` VALUES (2011, 6, 30, 42.06);
INSERT INTO `sales` VALUES (2011, 7, 3, 95.87);
INSERT INTO `sales` VALUES (2015, 6, 28, 18.07);
INSERT INTO `sales` VALUES (2011, 2, 7, 71.72);
INSERT INTO `sales` VALUES (2020, 5, 6, 75.32);
INSERT INTO `sales` VALUES (2012, 10, 6, 66.81);
INSERT INTO `sales` VALUES (2018, 9, 11, 55.84);
INSERT INTO `sales` VALUES (2018, 1, 30, 81.91);
INSERT INTO `sales` VALUES (2011, 1, 26, 12.39);
INSERT INTO `sales` VALUES (2010, 12, 21, 55.19);
INSERT INTO `sales` VALUES (2017, 7, 19, 65.29);
INSERT INTO `sales` VALUES (2013, 9, 17, 64.06);
INSERT INTO `sales` VALUES (2016, 8, 19, 25.67);
INSERT INTO `sales` VALUES (2014, 1, 4, 54.90);
INSERT INTO `sales` VALUES (2013, 11, 16, 92.27);
INSERT INTO `sales` VALUES (2010, 5, 28, 40.76);
INSERT INTO `sales` VALUES (2012, 12, 2, 46.69);
INSERT INTO `sales` VALUES (2011, 2, 12, 53.64);
INSERT INTO `sales` VALUES (2015, 10, 11, 56.61);
INSERT INTO `sales` VALUES (2018, 10, 28, 14.21);
INSERT INTO `sales` VALUES (2021, 5, 26, 29.18);
INSERT INTO `sales` VALUES (2019, 4, 30, 97.93);
INSERT INTO `sales` VALUES (2021, 10, 7, 66.65);
INSERT INTO `sales` VALUES (2017, 3, 2, 69.82);
INSERT INTO `sales` VALUES (2013, 5, 30, 88.92);
INSERT INTO `sales` VALUES (2014, 5, 18, 84.09);
INSERT INTO `sales` VALUES (2015, 8, 22, 79.16);
INSERT INTO `sales` VALUES (2019, 7, 9, 79.87);
INSERT INTO `sales` VALUES (2011, 5, 8, 25.75);
INSERT INTO `sales` VALUES (2015, 9, 1, 1.60);
INSERT INTO `sales` VALUES (2021, 11, 10, 4.89);
INSERT INTO `sales` VALUES (2012, 2, 26, 86.11);
INSERT INTO `sales` VALUES (2018, 2, 14, 79.61);
INSERT INTO `sales` VALUES (2017, 10, 1, 71.03);
INSERT INTO `sales` VALUES (2015, 4, 3, 53.77);
INSERT INTO `sales` VALUES (2014, 4, 7, 31.31);
INSERT INTO `sales` VALUES (2020, 5, 8, 23.57);
INSERT INTO `sales` VALUES (2014, 12, 30, 88.93);
INSERT INTO `sales` VALUES (2015, 9, 10, 34.18);
INSERT INTO `sales` VALUES (2018, 7, 20, 60.63);
INSERT INTO `sales` VALUES (2010, 4, 16, 68.82);
INSERT INTO `sales` VALUES (2019, 1, 21, 35.22);
INSERT INTO `sales` VALUES (2017, 4, 15, 47.08);
INSERT INTO `sales` VALUES (2020, 2, 29, 36.70);
INSERT INTO `sales` VALUES (2021, 8, 6, 15.32);
INSERT INTO `sales` VALUES (2011, 5, 8, 22.52);
INSERT INTO `sales` VALUES (2013, 1, 2, 22.61);
INSERT INTO `sales` VALUES (2021, 1, 11, 71.64);
INSERT INTO `sales` VALUES (2015, 2, 7, 82.06);
INSERT INTO `sales` VALUES (2014, 5, 24, 84.81);
INSERT INTO `sales` VALUES (2019, 7, 9, 84.28);
INSERT INTO `sales` VALUES (2013, 11, 22, 79.36);
INSERT INTO `sales` VALUES (2019, 9, 3, 34.90);
INSERT INTO `sales` VALUES (2015, 2, 7, 84.12);
INSERT INTO `sales` VALUES (2015, 11, 3, 67.46);
INSERT INTO `sales` VALUES (2011, 7, 8, 65.90);
INSERT INTO `sales` VALUES (2016, 10, 7, 79.10);
INSERT INTO `sales` VALUES (2013, 11, 25, 34.01);
INSERT INTO `sales` VALUES (2012, 1, 19, 97.95);
INSERT INTO `sales` VALUES (2021, 12, 29, 82.50);
INSERT INTO `sales` VALUES (2012, 9, 25, 3.90);
INSERT INTO `sales` VALUES (2017, 3, 4, 93.92);
INSERT INTO `sales` VALUES (2013, 9, 15, 39.31);
INSERT INTO `sales` VALUES (2015, 3, 24, 14.98);
INSERT INTO `sales` VALUES (2014, 6, 9, 93.71);
INSERT INTO `sales` VALUES (2019, 4, 27, 70.06);
INSERT INTO `sales` VALUES (2019, 9, 13, 81.10);
INSERT INTO `sales` VALUES (2019, 7, 16, 83.54);
INSERT INTO `sales` VALUES (2017, 6, 16, 24.43);
INSERT INTO `sales` VALUES (2017, 5, 28, 51.67);
INSERT INTO `sales` VALUES (2019, 6, 3, 86.10);
INSERT INTO `sales` VALUES (2010, 9, 12, 87.25);
INSERT INTO `sales` VALUES (2011, 12, 18, 92.79);
INSERT INTO `sales` VALUES (2020, 8, 11, 1.60);
INSERT INTO `sales` VALUES (2021, 10, 1, 71.74);
INSERT INTO `sales` VALUES (2016, 6, 22, 17.79);
INSERT INTO `sales` VALUES (2018, 2, 17, 31.37);
INSERT INTO `sales` VALUES (2020, 6, 18, 58.67);
INSERT INTO `sales` VALUES (2011, 1, 20, 23.27);
INSERT INTO `sales` VALUES (2011, 1, 23, 69.05);
INSERT INTO `sales` VALUES (2011, 8, 20, 38.22);
INSERT INTO `sales` VALUES (2021, 8, 9, 57.11);
INSERT INTO `sales` VALUES (2021, 1, 9, 33.85);
INSERT INTO `sales` VALUES (2019, 1, 27, 24.85);
INSERT INTO `sales` VALUES (2016, 12, 7, 21.76);
INSERT INTO `sales` VALUES (2014, 4, 4, 90.87);
INSERT INTO `sales` VALUES (2011, 10, 24, 47.85);
INSERT INTO `sales` VALUES (2021, 7, 22, 93.42);
INSERT INTO `sales` VALUES (2016, 10, 9, 7.55);
INSERT INTO `sales` VALUES (2016, 6, 18, 63.41);
INSERT INTO `sales` VALUES (2014, 12, 23, 79.57);
INSERT INTO `sales` VALUES (2018, 3, 28, 96.30);
INSERT INTO `sales` VALUES (2010, 3, 30, 24.64);
INSERT INTO `sales` VALUES (2013, 9, 18, 92.35);
INSERT INTO `sales` VALUES (2019, 3, 17, 21.83);
INSERT INTO `sales` VALUES (2014, 4, 15, 46.28);
INSERT INTO `sales` VALUES (2019, 8, 20, 46.91);
INSERT INTO `sales` VALUES (2013, 4, 10, 81.09);
INSERT INTO `sales` VALUES (2010, 11, 7, 52.94);
INSERT INTO `sales` VALUES (2020, 12, 1, 32.03);
INSERT INTO `sales` VALUES (2015, 5, 16, 39.68);
INSERT INTO `sales` VALUES (2015, 12, 15, 56.91);
INSERT INTO `sales` VALUES (2014, 1, 11, 45.79);
INSERT INTO `sales` VALUES (2012, 10, 11, 37.87);
INSERT INTO `sales` VALUES (2019, 9, 8, 19.12);
INSERT INTO `sales` VALUES (2011, 1, 27, 29.93);
INSERT INTO `sales` VALUES (2019, 1, 29, 59.11);
INSERT INTO `sales` VALUES (2010, 6, 8, 89.58);
INSERT INTO `sales` VALUES (2017, 7, 20, 77.11);
INSERT INTO `sales` VALUES (2019, 11, 24, 33.40);
INSERT INTO `sales` VALUES (2013, 6, 18, 50.74);
INSERT INTO `sales` VALUES (2018, 12, 27, 37.80);
INSERT INTO `sales` VALUES (2012, 1, 19, 96.93);
INSERT INTO `sales` VALUES (2020, 8, 13, 24.94);
INSERT INTO `sales` VALUES (2021, 12, 26, 42.30);
INSERT INTO `sales` VALUES (2016, 7, 30, 30.74);
INSERT INTO `sales` VALUES (2016, 11, 26, 58.46);
INSERT INTO `sales` VALUES (2013, 9, 26, 2.06);
INSERT INTO `sales` VALUES (2016, 6, 28, 10.62);
INSERT INTO `sales` VALUES (2019, 6, 4, 15.40);
INSERT INTO `sales` VALUES (2014, 6, 7, 63.01);
INSERT INTO `sales` VALUES (2015, 7, 11, 4.18);
INSERT INTO `sales` VALUES (2011, 7, 15, 69.13);
INSERT INTO `sales` VALUES (2021, 10, 27, 14.21);
INSERT INTO `sales` VALUES (2010, 10, 21, 13.83);
INSERT INTO `sales` VALUES (2017, 8, 14, 33.13);
INSERT INTO `sales` VALUES (2012, 3, 9, 82.25);
INSERT INTO `sales` VALUES (2012, 9, 23, 69.78);
INSERT INTO `sales` VALUES (2012, 11, 30, 11.37);
INSERT INTO `sales` VALUES (2017, 10, 2, 87.51);
INSERT INTO `sales` VALUES (2012, 6, 16, 35.65);
INSERT INTO `sales` VALUES (2011, 9, 7, 81.48);
INSERT INTO `sales` VALUES (2015, 9, 7, 98.85);
INSERT INTO `sales` VALUES (2013, 4, 27, 45.51);
INSERT INTO `sales` VALUES (2016, 6, 24, 44.31);
INSERT INTO `sales` VALUES (2019, 10, 11, 51.36);
INSERT INTO `sales` VALUES (2015, 9, 12, 69.38);
INSERT INTO `sales` VALUES (2013, 4, 16, 76.00);
INSERT INTO `sales` VALUES (2012, 12, 29, 89.78);
INSERT INTO `sales` VALUES (2017, 7, 20, 79.51);
INSERT INTO `sales` VALUES (2021, 4, 20, 39.72);
INSERT INTO `sales` VALUES (2021, 10, 28, 24.66);
INSERT INTO `sales` VALUES (2015, 7, 9, 82.20);
INSERT INTO `sales` VALUES (2012, 9, 28, 37.46);
INSERT INTO `sales` VALUES (2011, 6, 28, 31.09);
INSERT INTO `sales` VALUES (2018, 8, 4, 68.56);
INSERT INTO `sales` VALUES (2021, 12, 26, 39.51);
INSERT INTO `sales` VALUES (2014, 7, 25, 37.33);
INSERT INTO `sales` VALUES (2014, 10, 23, 44.48);
INSERT INTO `sales` VALUES (2021, 4, 22, 71.69);
INSERT INTO `sales` VALUES (2014, 10, 22, 28.50);
INSERT INTO `sales` VALUES (2012, 4, 24, 9.76);
INSERT INTO `sales` VALUES (2010, 1, 30, 78.88);
INSERT INTO `sales` VALUES (2021, 7, 22, 5.98);
INSERT INTO `sales` VALUES (2010, 3, 22, 1.49);
INSERT INTO `sales` VALUES (2020, 6, 19, 67.53);
INSERT INTO `sales` VALUES (2016, 7, 3, 83.09);
INSERT INTO `sales` VALUES (2020, 12, 4, 69.30);
INSERT INTO `sales` VALUES (2011, 6, 25, 81.09);
INSERT INTO `sales` VALUES (2016, 6, 17, 41.31);
INSERT INTO `sales` VALUES (2014, 7, 25, 42.47);
INSERT INTO `sales` VALUES (2016, 8, 16, 61.42);
INSERT INTO `sales` VALUES (2015, 8, 22, 67.76);
INSERT INTO `sales` VALUES (2012, 12, 6, 7.37);
INSERT INTO `sales` VALUES (2019, 8, 29, 79.64);
INSERT INTO `sales` VALUES (2011, 2, 6, 58.40);
INSERT INTO `sales` VALUES (2014, 2, 16, 21.32);
INSERT INTO `sales` VALUES (2015, 9, 9, 22.04);
INSERT INTO `sales` VALUES (2012, 5, 5, 74.47);
INSERT INTO `sales` VALUES (2012, 10, 15, 98.18);
INSERT INTO `sales` VALUES (2014, 1, 7, 83.64);
INSERT INTO `sales` VALUES (2015, 12, 10, 77.26);
INSERT INTO `sales` VALUES (2019, 11, 26, 64.39);
INSERT INTO `sales` VALUES (2017, 3, 9, 69.35);
INSERT INTO `sales` VALUES (2017, 11, 23, 11.24);
INSERT INTO `sales` VALUES (2012, 10, 7, 76.95);
INSERT INTO `sales` VALUES (2011, 6, 29, 24.95);
INSERT INTO `sales` VALUES (2014, 4, 3, 63.73);
INSERT INTO `sales` VALUES (2020, 8, 17, 78.69);
INSERT INTO `sales` VALUES (2012, 11, 20, 70.18);
INSERT INTO `sales` VALUES (2015, 3, 25, 39.22);
INSERT INTO `sales` VALUES (2015, 1, 2, 6.31);
INSERT INTO `sales` VALUES (2011, 4, 8, 28.90);
INSERT INTO `sales` VALUES (2018, 7, 25, 42.90);
INSERT INTO `sales` VALUES (2017, 10, 3, 12.88);
INSERT INTO `sales` VALUES (2013, 3, 3, 82.58);
INSERT INTO `sales` VALUES (2019, 8, 26, 22.11);
INSERT INTO `sales` VALUES (2016, 1, 22, 33.48);
INSERT INTO `sales` VALUES (2016, 8, 13, 33.51);
INSERT INTO `sales` VALUES (2014, 11, 5, 22.62);
INSERT INTO `sales` VALUES (2017, 6, 14, 83.77);
INSERT INTO `sales` VALUES (2019, 7, 13, 42.76);
INSERT INTO `sales` VALUES (2019, 10, 16, 20.08);
INSERT INTO `sales` VALUES (2015, 7, 14, 65.77);
INSERT INTO `sales` VALUES (2020, 5, 12, 72.42);
INSERT INTO `sales` VALUES (2015, 12, 21, 51.35);
INSERT INTO `sales` VALUES (2015, 8, 22, 86.20);
INSERT INTO `sales` VALUES (2010, 10, 24, 46.91);
INSERT INTO `sales` VALUES (2021, 7, 25, 47.40);
INSERT INTO `sales` VALUES (2020, 10, 15, 98.98);
INSERT INTO `sales` VALUES (2015, 6, 23, 51.75);
INSERT INTO `sales` VALUES (2012, 9, 23, 73.69);
INSERT INTO `sales` VALUES (2014, 7, 17, 23.37);
INSERT INTO `sales` VALUES (2015, 8, 23, 88.97);
INSERT INTO `sales` VALUES (2011, 1, 30, 62.88);
INSERT INTO `sales` VALUES (2012, 1, 19, 1.81);
INSERT INTO `sales` VALUES (2012, 11, 26, 68.17);
INSERT INTO `sales` VALUES (2019, 10, 26, 76.96);
INSERT INTO `sales` VALUES (2012, 12, 1, 16.92);
INSERT INTO `sales` VALUES (2019, 7, 4, 8.87);
INSERT INTO `sales` VALUES (2010, 12, 25, 13.97);
INSERT INTO `sales` VALUES (2012, 7, 5, 12.31);
INSERT INTO `sales` VALUES (2011, 4, 1, 30.53);
INSERT INTO `sales` VALUES (2014, 2, 9, 13.77);
INSERT INTO `sales` VALUES (2019, 7, 16, 91.67);
INSERT INTO `sales` VALUES (2021, 12, 4, 67.90);
INSERT INTO `sales` VALUES (2021, 10, 3, 3.66);
INSERT INTO `sales` VALUES (2020, 5, 7, 96.15);
INSERT INTO `sales` VALUES (2011, 9, 2, 22.98);
INSERT INTO `sales` VALUES (2021, 2, 23, 34.81);
INSERT INTO `sales` VALUES (2015, 4, 7, 18.27);
INSERT INTO `sales` VALUES (2012, 5, 6, 86.71);
INSERT INTO `sales` VALUES (2019, 3, 29, 1.12);
INSERT INTO `sales` VALUES (2011, 10, 15, 100.87);
INSERT INTO `sales` VALUES (2016, 11, 19, 49.43);
INSERT INTO `sales` VALUES (2016, 5, 9, 24.92);
INSERT INTO `sales` VALUES (2013, 12, 23, 84.64);
INSERT INTO `sales` VALUES (2021, 5, 28, 52.67);
INSERT INTO `sales` VALUES (2019, 6, 30, 51.78);
INSERT INTO `sales` VALUES (2016, 4, 26, 33.81);
INSERT INTO `sales` VALUES (2011, 6, 29, 41.80);
INSERT INTO `sales` VALUES (2012, 10, 11, 37.80);
INSERT INTO `sales` VALUES (2019, 11, 29, 21.79);
INSERT INTO `sales` VALUES (2011, 2, 6, 51.42);
INSERT INTO `sales` VALUES (2021, 6, 9, 12.19);
INSERT INTO `sales` VALUES (2018, 1, 4, 56.23);
INSERT INTO `sales` VALUES (2014, 3, 1, 38.94);
INSERT INTO `sales` VALUES (2020, 2, 6, 43.67);
INSERT INTO `sales` VALUES (2017, 10, 30, 66.09);
INSERT INTO `sales` VALUES (2013, 7, 20, 73.08);
INSERT INTO `sales` VALUES (2017, 2, 25, 53.86);
INSERT INTO `sales` VALUES (2012, 8, 11, 93.92);
INSERT INTO `sales` VALUES (2016, 2, 26, 92.08);
INSERT INTO `sales` VALUES (2021, 3, 5, 14.84);
INSERT INTO `sales` VALUES (2012, 7, 9, 70.96);
INSERT INTO `sales` VALUES (2017, 2, 19, 76.64);
INSERT INTO `sales` VALUES (2021, 5, 6, 80.37);
INSERT INTO `sales` VALUES (2014, 6, 9, 100.11);
INSERT INTO `sales` VALUES (2011, 7, 8, 66.89);
INSERT INTO `sales` VALUES (2017, 12, 5, 76.35);
INSERT INTO `sales` VALUES (2014, 6, 9, 10.36);
INSERT INTO `sales` VALUES (2016, 7, 5, 9.01);
INSERT INTO `sales` VALUES (2021, 5, 30, 91.75);
INSERT INTO `sales` VALUES (2016, 2, 25, 82.07);
INSERT INTO `sales` VALUES (2016, 6, 18, 57.26);
INSERT INTO `sales` VALUES (2010, 6, 11, 32.78);
INSERT INTO `sales` VALUES (2016, 8, 14, 46.16);
INSERT INTO `sales` VALUES (2020, 3, 12, 17.92);
INSERT INTO `sales` VALUES (2018, 3, 25, 47.75);
INSERT INTO `sales` VALUES (2020, 12, 10, 65.99);
INSERT INTO `sales` VALUES (2013, 5, 8, 7.18);
INSERT INTO `sales` VALUES (2016, 6, 18, 57.81);
INSERT INTO `sales` VALUES (2011, 12, 11, 89.15);
INSERT INTO `sales` VALUES (2014, 3, 1, 36.84);
INSERT INTO `sales` VALUES (2019, 10, 18, 55.42);
INSERT INTO `sales` VALUES (2021, 5, 23, 66.49);
INSERT INTO `sales` VALUES (2010, 5, 16, 57.94);
INSERT INTO `sales` VALUES (2013, 10, 28, 27.09);
INSERT INTO `sales` VALUES (2017, 2, 29, 38.11);
INSERT INTO `sales` VALUES (2021, 10, 27, 16.47);
INSERT INTO `sales` VALUES (2011, 1, 2, 2.75);
INSERT INTO `sales` VALUES (2021, 8, 15, 49.06);
INSERT INTO `sales` VALUES (2021, 2, 30, 46.57);
INSERT INTO `sales` VALUES (2014, 5, 21, 40.06);
INSERT INTO `sales` VALUES (2020, 5, 1, 7.79);
INSERT INTO `sales` VALUES (2013, 3, 2, 67.37);
INSERT INTO `sales` VALUES (2012, 1, 20, 16.02);
INSERT INTO `sales` VALUES (2019, 4, 11, 79.68);
INSERT INTO `sales` VALUES (2020, 1, 18, 72.89);
INSERT INTO `sales` VALUES (2020, 4, 23, 88.30);
INSERT INTO `sales` VALUES (2011, 1, 27, 24.08);
INSERT INTO `sales` VALUES (2016, 11, 25, 47.06);
INSERT INTO `sales` VALUES (2020, 12, 1, 31.87);
INSERT INTO `sales` VALUES (2016, 8, 15, 60.14);
INSERT INTO `sales` VALUES (2016, 11, 21, 87.71);
INSERT INTO `sales` VALUES (2013, 10, 6, 52.03);
INSERT INTO `sales` VALUES (2021, 6, 7, 83.10);
INSERT INTO `sales` VALUES (2014, 8, 25, 30.00);
INSERT INTO `sales` VALUES (2021, 12, 30, 100.36);
INSERT INTO `sales` VALUES (2010, 1, 10, 32.65);
INSERT INTO `sales` VALUES (2018, 6, 2, 8.83);
INSERT INTO `sales` VALUES (2012, 9, 3, 24.00);
INSERT INTO `sales` VALUES (2020, 10, 6, 58.58);
INSERT INTO `sales` VALUES (2014, 1, 30, 90.10);
INSERT INTO `sales` VALUES (2016, 11, 29, 100.01);
INSERT INTO `sales` VALUES (2011, 10, 11, 45.75);
INSERT INTO `sales` VALUES (2012, 9, 27, 31.35);
INSERT INTO `sales` VALUES (2020, 6, 20, 87.83);
INSERT INTO `sales` VALUES (2014, 6, 28, 26.81);
INSERT INTO `sales` VALUES (2016, 1, 21, 22.88);
INSERT INTO `sales` VALUES (2010, 6, 3, 16.11);
INSERT INTO `sales` VALUES (2015, 1, 20, 12.82);
INSERT INTO `sales` VALUES (2018, 1, 3, 30.97);
INSERT INTO `sales` VALUES (2013, 7, 23, 24.13);
INSERT INTO `sales` VALUES (2020, 9, 25, 9.51);
INSERT INTO `sales` VALUES (2021, 5, 4, 48.56);
INSERT INTO `sales` VALUES (2010, 8, 1, 24.52);
INSERT INTO `sales` VALUES (2011, 1, 20, 18.77);
INSERT INTO `sales` VALUES (2021, 3, 10, 91.73);
INSERT INTO `sales` VALUES (2016, 2, 25, 83.74);
INSERT INTO `sales` VALUES (2017, 10, 29, 34.42);
INSERT INTO `sales` VALUES (2020, 5, 5, 64.13);
INSERT INTO `sales` VALUES (2018, 11, 1, 50.31);
INSERT INTO `sales` VALUES (2015, 9, 7, 2.52);
INSERT INTO `sales` VALUES (2014, 12, 13, 29.16);
INSERT INTO `sales` VALUES (2012, 2, 29, 38.08);
INSERT INTO `sales` VALUES (2010, 2, 17, 39.05);
INSERT INTO `sales` VALUES (2012, 12, 2, 49.23);
INSERT INTO `sales` VALUES (2012, 9, 23, 64.87);
INSERT INTO `sales` VALUES (2021, 12, 30, 2.75);
INSERT INTO `sales` VALUES (2011, 6, 28, 28.54);
INSERT INTO `sales` VALUES (2017, 3, 11, 5.68);
INSERT INTO `sales` VALUES (2012, 9, 7, 77.89);
INSERT INTO `sales` VALUES (2012, 11, 22, 97.99);
INSERT INTO `sales` VALUES (2018, 6, 5, 40.40);
INSERT INTO `sales` VALUES (2016, 8, 16, 59.92);
INSERT INTO `sales` VALUES (2015, 6, 28, 20.26);
INSERT INTO `sales` VALUES (2012, 8, 14, 36.62);
INSERT INTO `sales` VALUES (2015, 1, 29, 58.23);
INSERT INTO `sales` VALUES (2010, 7, 12, 46.28);
INSERT INTO `sales` VALUES (2010, 1, 1, 97.74);
INSERT INTO `sales` VALUES (2019, 11, 5, 15.44);
INSERT INTO `sales` VALUES (2012, 10, 3, 19.27);
INSERT INTO `sales` VALUES (2017, 8, 5, 97.77);
INSERT INTO `sales` VALUES (2014, 11, 11, 13.62);
INSERT INTO `sales` VALUES (2016, 6, 14, 93.55);
INSERT INTO `sales` VALUES (2013, 10, 28, 24.43);
INSERT INTO `sales` VALUES (2015, 7, 13, 43.61);
INSERT INTO `sales` VALUES (2020, 2, 28, 20.40);
INSERT INTO `sales` VALUES (2013, 9, 26, 5.94);
INSERT INTO `sales` VALUES (2018, 5, 27, 25.24);
INSERT INTO `sales` VALUES (2016, 12, 7, 16.40);
INSERT INTO `sales` VALUES (2011, 3, 24, 20.99);
INSERT INTO `sales` VALUES (2017, 8, 7, 12.92);
INSERT INTO `sales` VALUES (2021, 8, 4, 72.94);
INSERT INTO `sales` VALUES (2012, 2, 21, 12.67);
INSERT INTO `sales` VALUES (2016, 6, 19, 76.73);
INSERT INTO `sales` VALUES (2020, 3, 12, 34.12);
INSERT INTO `sales` VALUES (2015, 4, 8, 29.63);
INSERT INTO `sales` VALUES (2017, 6, 11, 39.28);
INSERT INTO `sales` VALUES (2020, 1, 20, 14.23);
INSERT INTO `sales` VALUES (2018, 3, 1, 38.46);
INSERT INTO `sales` VALUES (2019, 12, 10, 77.95);
INSERT INTO `sales` VALUES (2020, 1, 17, 62.23);
INSERT INTO `sales` VALUES (2015, 5, 18, 72.89);
INSERT INTO `sales` VALUES (2020, 3, 17, 1.83);
INSERT INTO `sales` VALUES (2014, 1, 29, 64.23);
INSERT INTO `sales` VALUES (2013, 9, 14, 23.71);
INSERT INTO `sales` VALUES (2019, 3, 20, 69.78);
INSERT INTO `sales` VALUES (2015, 4, 3, 55.67);
INSERT INTO `sales` VALUES (2015, 9, 30, 84.27);
INSERT INTO `sales` VALUES (2013, 10, 4, 33.56);
INSERT INTO `sales` VALUES (2012, 3, 5, 25.65);
INSERT INTO `sales` VALUES (2019, 3, 17, 21.04);
INSERT INTO `sales` VALUES (2014, 3, 27, 78.48);
INSERT INTO `sales` VALUES (2013, 1, 10, 56.36);
INSERT INTO `sales` VALUES (2019, 4, 30, 16.15);
INSERT INTO `sales` VALUES (2019, 6, 27, 14.75);
INSERT INTO `sales` VALUES (2021, 8, 28, 90.64);
INSERT INTO `sales` VALUES (2018, 10, 22, 35.88);
INSERT INTO `sales` VALUES (2016, 10, 9, 4.12);
INSERT INTO `sales` VALUES (2013, 5, 5, 46.96);
INSERT INTO `sales` VALUES (2020, 1, 20, 13.21);
INSERT INTO `sales` VALUES (2017, 9, 23, 66.17);
INSERT INTO `sales` VALUES (2021, 11, 14, 66.31);
INSERT INTO `sales` VALUES (2020, 8, 6, 25.05);
INSERT INTO `sales` VALUES (2017, 4, 22, 61.48);
INSERT INTO `sales` VALUES (2020, 10, 2, 100.14);
INSERT INTO `sales` VALUES (2019, 12, 19, 7.48);
INSERT INTO `sales` VALUES (2015, 3, 22, 94.54);
INSERT INTO `sales` VALUES (2015, 8, 21, 60.79);
INSERT INTO `sales` VALUES (2020, 9, 21, 34.43);
INSERT INTO `sales` VALUES (2017, 4, 20, 25.86);
INSERT INTO `sales` VALUES (2013, 10, 27, 19.80);
INSERT INTO `sales` VALUES (2013, 9, 28, 37.44);
INSERT INTO `sales` VALUES (2010, 4, 4, 78.65);
INSERT INTO `sales` VALUES (2016, 5, 6, 82.87);
INSERT INTO `sales` VALUES (2016, 4, 30, 93.35);
INSERT INTO `sales` VALUES (2018, 7, 25, 45.52);
INSERT INTO `sales` VALUES (2018, 5, 19, 92.68);
INSERT INTO `sales` VALUES (2019, 2, 12, 43.47);
INSERT INTO `sales` VALUES (2010, 10, 29, 42.80);
INSERT INTO `sales` VALUES (2012, 9, 1, 100.26);
INSERT INTO `sales` VALUES (2020, 5, 4, 61.54);
INSERT INTO `sales` VALUES (2017, 5, 3, 28.17);
INSERT INTO `sales` VALUES (2010, 7, 11, 18.89);
INSERT INTO `sales` VALUES (2020, 11, 18, 38.83);
INSERT INTO `sales` VALUES (2011, 8, 19, 30.30);
INSERT INTO `sales` VALUES (2016, 1, 12, 88.97);
INSERT INTO `sales` VALUES (2012, 6, 21, 4.09);
INSERT INTO `sales` VALUES (2011, 5, 15, 34.69);
INSERT INTO `sales` VALUES (2013, 4, 18, 9.41);
INSERT INTO `sales` VALUES (2018, 3, 25, 56.29);
INSERT INTO `sales` VALUES (2013, 12, 22, 84.94);
INSERT INTO `sales` VALUES (2010, 7, 17, 16.08);
INSERT INTO `sales` VALUES (2011, 4, 28, 73.98);
INSERT INTO `sales` VALUES (2021, 6, 15, 12.92);
INSERT INTO `sales` VALUES (2011, 2, 14, 78.62);
INSERT INTO `sales` VALUES (2016, 5, 11, 61.74);
INSERT INTO `sales` VALUES (2021, 12, 26, 47.19);
INSERT INTO `sales` VALUES (2018, 4, 7, 25.81);
INSERT INTO `sales` VALUES (2016, 2, 1, 70.34);
INSERT INTO `sales` VALUES (2014, 10, 25, 77.23);
INSERT INTO `sales` VALUES (2013, 5, 27, 31.80);
INSERT INTO `sales` VALUES (2020, 6, 20, 91.18);
INSERT INTO `sales` VALUES (2016, 1, 15, 40.29);
INSERT INTO `sales` VALUES (2015, 3, 21, 75.62);
INSERT INTO `sales` VALUES (2018, 2, 22, 13.95);
INSERT INTO `sales` VALUES (2016, 2, 2, 99.31);
INSERT INTO `sales` VALUES (2018, 8, 5, 72.30);
INSERT INTO `sales` VALUES (2011, 8, 17, 94.35);
INSERT INTO `sales` VALUES (2010, 5, 22, 45.78);
INSERT INTO `sales` VALUES (2011, 4, 29, 99.63);
INSERT INTO `sales` VALUES (2010, 5, 19, 4.86);
INSERT INTO `sales` VALUES (2013, 6, 11, 39.03);
INSERT INTO `sales` VALUES (2020, 2, 28, 34.01);
INSERT INTO `sales` VALUES (2020, 6, 17, 43.97);
INSERT INTO `sales` VALUES (2015, 3, 14, 67.15);
INSERT INTO `sales` VALUES (2021, 11, 17, 9.53);
INSERT INTO `sales` VALUES (2019, 7, 14, 68.88);
INSERT INTO `sales` VALUES (2021, 12, 23, 92.92);
INSERT INTO `sales` VALUES (2014, 12, 19, 32.10);
INSERT INTO `sales` VALUES (2018, 7, 24, 25.81);
INSERT INTO `sales` VALUES (2020, 6, 27, 92.66);
INSERT INTO `sales` VALUES (2021, 1, 16, 33.31);
INSERT INTO `sales` VALUES (2010, 5, 23, 60.63);
INSERT INTO `sales` VALUES (2018, 10, 23, 39.15);
INSERT INTO `sales` VALUES (2018, 4, 9, 57.88);
INSERT INTO `sales` VALUES (2010, 6, 4, 22.26);
INSERT INTO `sales` VALUES (2018, 2, 7, 85.84);
INSERT INTO `sales` VALUES (2016, 4, 22, 78.96);
INSERT INTO `sales` VALUES (2018, 3, 3, 71.05);
INSERT INTO `sales` VALUES (2012, 1, 21, 16.38);
INSERT INTO `sales` VALUES (2018, 3, 29, 3.07);
INSERT INTO `sales` VALUES (2013, 4, 22, 67.59);
INSERT INTO `sales` VALUES (2012, 11, 27, 73.36);
INSERT INTO `sales` VALUES (2010, 10, 5, 29.06);
INSERT INTO `sales` VALUES (2021, 11, 14, 66.29);
INSERT INTO `sales` VALUES (2021, 9, 27, 24.38);
INSERT INTO `sales` VALUES (2015, 10, 10, 33.75);
INSERT INTO `sales` VALUES (2018, 5, 28, 41.60);
INSERT INTO `sales` VALUES (2013, 3, 9, 73.97);
INSERT INTO `sales` VALUES (2019, 10, 17, 43.17);
INSERT INTO `sales` VALUES (2015, 11, 8, 57.58);
INSERT INTO `sales` VALUES (2010, 7, 15, 91.42);
INSERT INTO `sales` VALUES (2010, 6, 5, 35.47);
INSERT INTO `sales` VALUES (2013, 7, 22, 2.05);
INSERT INTO `sales` VALUES (2020, 5, 12, 70.77);
INSERT INTO `sales` VALUES (2013, 7, 25, 46.69);
INSERT INTO `sales` VALUES (2019, 8, 19, 22.39);
INSERT INTO `sales` VALUES (2013, 9, 21, 37.69);
INSERT INTO `sales` VALUES (2019, 9, 4, 55.69);
INSERT INTO `sales` VALUES (2014, 4, 11, 89.25);
INSERT INTO `sales` VALUES (2013, 1, 3, 41.57);
INSERT INTO `sales` VALUES (2019, 7, 14, 68.80);
INSERT INTO `sales` VALUES (2010, 12, 29, 72.44);
INSERT INTO `sales` VALUES (2019, 8, 1, 15.10);
INSERT INTO `sales` VALUES (2017, 9, 23, 51.87);
INSERT INTO `sales` VALUES (2013, 2, 21, 8.51);
INSERT INTO `sales` VALUES (2013, 3, 1, 59.25);
INSERT INTO `sales` VALUES (2020, 7, 2, 74.08);
INSERT INTO `sales` VALUES (2015, 2, 12, 50.21);
INSERT INTO `sales` VALUES (2013, 11, 20, 61.58);
INSERT INTO `sales` VALUES (2010, 6, 2, 94.99);
INSERT INTO `sales` VALUES (2016, 11, 24, 34.50);
INSERT INTO `sales` VALUES (2013, 5, 6, 77.97);
INSERT INTO `sales` VALUES (2012, 12, 29, 90.40);
INSERT INTO `sales` VALUES (2017, 7, 24, 32.33);

-- ----------------------------
-- Table structure for score
-- ----------------------------
DROP TABLE IF EXISTS `score`;
CREATE TABLE `score`  (
  `id` int(0) NOT NULL AUTO_INCREMENT,
  `name` varchar(20) CHARACTER SET utf8mb4 COLLATE utf8mb4_general_ci NULL DEFAULT NULL COMMENT '姓名',
  `course` varchar(10) CHARACTER SET utf8mb4 COLLATE utf8mb4_general_ci NULL DEFAULT NULL COMMENT '课程',
  `score` int(0) NULL DEFAULT NULL COMMENT '成绩',
  PRIMARY KEY (`id`) USING BTREE
) ENGINE = InnoDB AUTO_INCREMENT = 10 CHARACTER SET = utf8mb4 COLLATE = utf8mb4_general_ci COMMENT = '成绩表' ROW_FORMAT = Dynamic;

-- ----------------------------
-- Records of score
-- ----------------------------
INSERT INTO `score` VALUES (1, '王五', '语文', 81);
INSERT INTO `score` VALUES (2, '王五', '数学', 100);
INSERT INTO `score` VALUES (3, '王五', '英语', 90);
INSERT INTO `score` VALUES (4, '张三', '语文', 81);
INSERT INTO `score` VALUES (5, '张三', '数学', 75);
INSERT INTO `score` VALUES (6, '张三', '英语', NULL);
INSERT INTO `score` VALUES (7, '李四', '语文', 76);
INSERT INTO `score` VALUES (8, '李四', '数学', 90);
INSERT INTO `score` VALUES (9, '赵六', '体育', 100);

-- ----------------------------
-- Table structure for user
-- ----------------------------
DROP TABLE IF EXISTS `user`;
CREATE TABLE `user`  (
  `id` int(0) NOT NULL AUTO_INCREMENT COMMENT '主键',
  `score` int(0) NOT NULL COMMENT '积分',
  PRIMARY KEY (`id`) USING BTREE
) ENGINE = InnoDB CHARACTER SET = utf8mb4 COLLATE = utf8mb4_general_ci ROW_FORMAT = Dynamic;

-- ----------------------------
-- Records of user
-- ----------------------------
INSERT INTO `user` VALUES (1, 10000);

SET FOREIGN_KEY_CHECKS = 1;
